-- phpMyAdmin SQL Dump
-- version 5.1.1
-- https://www.phpmyadmin.net/
--
-- Host: 127.0.0.1
-- Waktu pembuatan: 28 Feb 2022 pada 04.10
-- Versi server: 10.4.21-MariaDB
-- Versi PHP: 7.3.31

SET SQL_MODE = "NO_AUTO_VALUE_ON_ZERO";
START TRANSACTION;
SET time_zone = "+00:00";


/*!40101 SET @OLD_CHARACTER_SET_CLIENT=@@CHARACTER_SET_CLIENT */;
/*!40101 SET @OLD_CHARACTER_SET_RESULTS=@@CHARACTER_SET_RESULTS */;
/*!40101 SET @OLD_COLLATION_CONNECTION=@@COLLATION_CONNECTION */;
/*!40101 SET NAMES utf8mb4 */;

--
-- Database: `produk_matrial`
--

-- --------------------------------------------------------

--
-- Struktur dari tabel `admin`
--

CREATE TABLE `admin` (
  `id_admin` int(1) NOT NULL,
  `username` varchar(10) NOT NULL,
  `password` varchar(100) NOT NULL,
  `nama` varchar(50) NOT NULL,
  `status` varchar(50) NOT NULL
) ENGINE=InnoDB DEFAULT CHARSET=latin1;

--
-- Dumping data untuk tabel `admin`
--

INSERT INTO `admin` (`id_admin`, `username`, `password`, `nama`, `status`) VALUES
(1, 'admin', 'admin', 'admin', 'Admin'),
(2, 'user', 'user', 'user', 'Operator'),
(4, 'adoy', '123456', 'Sepatu', 'Operator'),
(6, 'andre1', '12345', 'andre1', 'Admin');

-- --------------------------------------------------------

--
-- Struktur dari tabel `detailpenjualan`
--

CREATE TABLE `detailpenjualan` (
  `nonota` varchar(10) DEFAULT NULL,
  `tanggal` date NOT NULL,
  `kode` varchar(8) DEFAULT NULL,
  `harga` int(8) DEFAULT NULL,
  `jumlah` int(8) DEFAULT NULL,
  `subtotal` int(8) DEFAULT NULL
) ENGINE=InnoDB DEFAULT CHARSET=latin1;

--
-- Dumping data untuk tabel `detailpenjualan`
--

INSERT INTO `detailpenjualan` (`nonota`, `tanggal`, `kode`, `harga`, `jumlah`, `subtotal`) VALUES
('BRG001', '2021-07-01', 'AH BE', 74000, 6, 444000),
('BRG001', '2021-07-01', 'BR JUH', 7800, 15, 117000),
('BRG001', '2021-07-01', 'SPLPU', 185000, 8, 1480000),
('BRG002', '2021-07-01', 'PCS', 5550000, 23, 127650000),
('BRG002', '2021-07-01', 'PKM BA', 3150000, 17, 53550000),
('BRG003', '2021-07-01', 'BSIC A', 48000, 29, 1392000),
('BRG003', '2021-07-01', 'CTM', 130000, 19, 2470000),
('BRG003', '2021-07-01', 'KIM B', 20000, 36, 720000),
('BRG003', '2021-07-01', 'SG A', 70000, 49, 3430000),
('BRG003', '2021-07-01', 'SG B', 59000, 46, 2714000),
('BRG004', '2021-07-01', 'BTRH', 730000, 49, 35770000),
('BRG005', '2021-07-01', 'BSI D', 99000, 11, 1089000),
('BRG005', '2021-07-01', 'CNW', 180000, 25, 4500000),
('BRG005', '2021-07-01', 'PKM BB', 3350000, 32, 107200000),
('BRG005', '2021-07-01', 'SH B', 61000, 13, 793000),
('BRG006', '2021-07-02', 'AH AC', 37500, 45, 1687500),
('BRG006', '2021-07-02', 'BR LUH', 10000, 36, 360000),
('BRG006', '2021-07-02', 'CNS', 148000, 11, 1628000),
('BRG006', '2021-07-02', 'RIM A', 18000, 38, 684000),
('BRG007', '2021-07-02', 'PKM AE', 3150000, 24, 75600000),
('BRG008', '2021-07-02', 'AH AA', 28500, 32, 912000),
('BRG008', '2021-07-02', 'AH BD', 68500, 24, 1644000),
('BRG008', '2021-07-02', 'BKM A', 72000, 22, 1584000),
('BRG008', '2021-07-02', 'BKM B', 62000, 34, 2108000),
('BRG008', '2021-07-02', 'BSIC B', 58000, 27, 1566000),
('BRG009', '2021-07-02', 'BKM D', 90000, 42, 3780000),
('BRG009', '2021-07-02', 'CTDPG', 180000, 22, 3960000),
('BRG009', '2021-07-02', 'DJG B', 51000, 18, 918000),
('BRG009', '2021-07-02', 'DJG E', 73000, 10, 730000),
('BRG009', '2021-07-02', 'KIM A', 20000, 37, 740000),
('BRG009', '2021-07-02', 'KSM A', 20000, 15, 300000),
('BRG009', '2021-07-02', 'SG A', 71000, 42, 2982000),
('BRG010', '2021-07-02', 'AH AB', 33500, 41, 1373500),
('BRG010', '2021-07-02', 'CTD', 117500, 44, 5170000),
('BRG010', '2021-07-02', 'CTDPS', 137000, 16, 2192000),
('BRG010', '2021-07-02', 'KJA C', 10000000, 44, 440000000),
('BRG010', '2021-07-02', 'NOAS', 42000, 8, 336000),
('BRG010', '2021-07-02', 'NOSG B', 38000, 6, 228000),
('BRG011', '2021-07-02', 'BR A M3', 750000, 37, 27750000),
('BRG011', '2021-07-02', 'PSBC', 560000, 21, 11760000),
('BRG012', '2021-07-03', 'NOASG', 31500, 49, 1543500),
('BRG013', '2021-07-03', 'PBS', 2350000, 14, 32900000),
('BRG014', '2021-07-03', 'BSI C', 65000, 5, 325000),
('BRG014', '2021-07-03', 'DJG C', 57000, 10, 570000),
('BRG014', '2021-07-03', 'DJG D', 65000, 20, 1300000),
('BRG014', '2021-07-03', 'PKM AD', 3250000, 43, 139750000),
('BRG014', '2021-07-03', 'PU', 1900000, 10, 19000000),
('BRG014', '2021-07-03', 'RIM B', 15000, 40, 600000),
('BRG015', '2021-07-03', 'AH AD', 42500, 8, 340000),
('BRG015', '2021-07-03', 'AH BA', 44500, 27, 1201500),
('BRG015', '2021-07-03', 'BAND', 160000, 24, 3840000),
('BRG015', '2021-07-03', 'BKM C', 70000, 8, 560000),
('BRG015', '2021-07-03', 'BR B M3', 585000, 5, 2925000),
('BRG015', '2021-07-03', 'DJG F', 81000, 42, 3402000),
('BRG015', '2021-07-03', 'SG B', 60000, 49, 2940000),
('BRG015', '2021-07-03', 'SH A', 72000, 22, 1584000),
('BRG015', '2021-07-03', 'SPLT', 1270000, 25, 31750000),
('BRG016', '2021-07-03', 'KJA A', 3800000, 18, 68400000),
('BRG017', '2021-07-03', 'ABG', 30000, 19, 570000),
('BRG017', '2021-07-03', 'BSIR A', 36000, 42, 1512000),
('BRG017', '2021-07-03', 'CNO', 220000, 5, 1100000),
('BRG017', '2021-07-03', 'KSM A', 20000, 13, 260000),
('BRG018', '2021-07-04', 'AH AF', 55500, 38, 2109000),
('BRG018', '2021-07-04', 'BKL', 185000, 18, 3330000),
('BRG019', '2021-07-04', 'PKM AC', 3000000, 13, 39000000),
('BRG020', '2021-07-04', 'CTCY', 93500, 48, 4488000),
('BRG020', '2021-07-04', 'NOSG A', 29000, 21, 609000),
('BRG020', '2021-07-04', 'PKM AA', 48000, 20, 960000),
('BRG021', '2021-07-04', 'AH AE', 49500, 36, 1782000),
('BRG021', '2021-07-04', 'AH BB', 49000, 40, 1960000),
('BRG021', '2021-07-04', 'AH BF', 82000, 32, 2624000),
('BRG021', '2021-07-04', 'BSI B', 44000, 42, 1848000),
('BRG021', '2021-07-04', 'BSIR B', 42000, 10, 420000),
('BRG021', '2021-07-04', 'CTSW', 215000, 46, 9890000),
('BRG021', '2021-07-04', 'CTV', 75000, 42, 3150000),
('BRG021', '2021-07-04', 'DJG A', 45000, 49, 2205000),
('BRG021', '2021-07-04', 'RLM A', 15000, 25, 375000),
('BRG021', '2021-07-04', 'STR B', 62000, 5, 310000),
('BRG022', '2021-07-04', 'BSI E', 168000, 21, 3528000),
('BRG022', '2021-07-04', 'BTRV', 650000, 29, 18850000),
('BRG022', '2021-07-04', 'CN', 195000, 38, 7410000),
('BRG022', '2021-07-04', 'PKM BC', 3350000, 16, 53600000),
('BRG022', '2021-07-04', 'PSBT', 1340000, 23, 30820000),
('BRG022', '2021-07-04', 'RLM B', 15000, 30, 450000),
('BRG023', '2021-07-04', 'AH BC', 56500, 48, 2712000),
('BRG023', '2021-07-04', 'BBMB', 725, 14, 10150),
('BRG023', '2021-07-04', 'BBMO', 900, 24, 21600),
('BRG023', '2021-07-04', 'BBTK', 3500, 7, 24500),
('BRG023', '2021-07-04', 'BKNEC', 210000, 34, 7140000),
('BRG023', '2021-07-04', 'BSI A', 30000, 40, 1200000),
('BRG023', '2021-07-04', 'CTA', 73500, 35, 2572500),
('BRG023', '2021-07-04', 'KJA B', 6700000, 28, 187600000),
('BRG023', '2021-07-04', 'KJA D', 12000000, 10, 120000000),
('BRG023', '2021-07-04', 'PHC', 2200000, 26, 57200000),
('BRG023', '2021-07-04', 'PKM AB', 30000, 45, 1350000),
('BRG023', '2021-07-04', 'SPTR', 90000, 17, 1530000),
('BRG023', '2021-07-04', 'STR A', 73000, 42, 3066000),
('BRG024', '2021-08-01', 'AH BE', 74000, 18, 1332000),
('BRG024', '2021-08-01', 'CTDPG', 180000, 39, 7020000),
('BRG024', '2021-08-01', 'CTDPS', 137000, 12, 1644000),
('BRG024', '2021-08-01', 'PKM AC', 3000000, 24, 72000000),
('BRG024', '2021-08-01', 'PSBC', 560000, 24, 13440000),
('BRG024', '2021-08-01', 'RLM B', 15000, 27, 405000),
('BRG025', '2021-08-01', 'ABG', 30000, 43, 1290000),
('BRG025', '2021-08-01', 'AH BD', 68500, 35, 2397500),
('BRG025', '2021-08-01', 'BKM C', 70000, 38, 2660000),
('BRG026', '2021-08-01', 'BTRH', 730000, 31, 22630000),
('BRG026', '2021-08-01', 'KJA A', 3800000, 26, 98800000),
('BRG026', '2021-08-01', 'NOASG', 31500, 22, 693000),
('BRG026', '2021-08-01', 'PHC', 2200000, 5, 11000000),
('BRG026', '2021-08-01', 'RIM A', 18000, 37, 666000),
('BRG027', '2021-08-01', 'PKM AE', 3250000, 30, 97500000),
('BRG028', '2021-08-01', 'CNS', 148000, 20, 2960000),
('BRG029', '2021-08-01', 'CTV', 75000, 19, 1425000),
('BRG029', '2021-08-01', 'PSBT', 1340000, 26, 34840000),
('BRG029', '2021-08-01', 'STR B', 62000, 33, 2046000),
('BRG030', '2021-08-01', 'CNO', 220000, 44, 9680000),
('BRG031', '2021-08-01', 'AH AB', 33500, 17, 569500),
('BRG031', '2021-08-01', 'BBTK', 3500, 46, 161000),
('BRG031', '2021-08-01', 'BKM A', 72000, 14, 1008000),
('BRG031', '2021-08-01', 'BR LUH', 10000, 43, 430000),
('BRG031', '2021-08-01', 'DJG B', 51000, 5, 255000),
('BRG031', '2021-08-01', 'DJG D', 65000, 41, 2665000),
('BRG031', '2021-08-01', 'KSM A', 20000, 34, 680000),
('BRG031', '2021-08-01', 'PBS', 2350000, 6, 14100000),
('BRG031', '2021-08-01', 'PKM BA', 3150000, 11, 34650000),
('BRG031', '2021-08-01', 'PU', 1900000, 6, 11400000),
('BRG031', '2021-08-01', 'STR A', 73000, 29, 2117000),
('BRG032', '2021-08-01', 'AH AA', 28500, 8, 228000),
('BRG032', '2021-08-01', 'BKNEC', 210000, 28, 5880000),
('BRG032', '2021-08-01', 'BSI E', 168000, 38, 6384000),
('BRG032', '2021-08-01', 'BSIR B', 42000, 42, 1764000),
('BRG032', '2021-08-01', 'CTSW', 215000, 42, 9030000),
('BRG032', '2021-08-01', 'DJG C', 57000, 27, 1539000),
('BRG033', '2021-08-01', 'BSI C', 65000, 47, 3055000),
('BRG033', '2021-08-01', 'CTD', 117500, 32, 3760000),
('BRG033', '2021-08-01', 'KJA C', 10000000, 20, 200000000),
('BRG033', '2021-08-01', 'PKM AA', 48000, 12, 576000),
('BRG034', '2021-08-01', 'BKL', 185000, 33, 6105000),
('BRG034', '2021-08-01', 'BSIC B', 58000, 13, 754000),
('BRG034', '2021-08-01', 'SG B', 70000, 36, 2520000),
('BRG035', '2021-08-02', 'AH BC', 56500, 14, 791000),
('BRG035', '2021-08-02', 'AH AD', 42500, 36, 1530000),
('BRG035', '2021-08-02', 'CTM', 130000, 50, 6500000),
('BRG035', '2021-08-02', 'SG A', 59000, 24, 1416000),
('BRG035', '2021-08-02', 'SPTR', 90000, 38, 3420000),
('BRG036', '2021-08-02', 'BTRV', 650000, 28, 18200000),
('BRG036', '2021-08-02', 'DJG E', 73000, 13, 949000),
('BRG036', '2021-08-02', 'PCS', 5550000, 29, 160950000),
('BRG036', '2021-08-02', 'RLM A', 15000, 24, 360000),
('BRG036', '2021-08-02', 'SG A', 60000, 26, 1560000),
('BRG037', '2021-08-02', 'BSI D', 99000, 40, 3960000),
('BRG038', '2021-08-02', 'NOAS', 42000, 11, 462000),
('BRG039', '2021-08-02', 'BSIC A', 48000, 50, 2400000),
('BRG040', '2021-08-02', 'CTCY', 93500, 38, 3553000),
('BRG041', '2021-08-02', 'PKM BB', 3150000, 25, 78750000),
('BRG042', '2021-08-02', 'SPLT', 1270000, 27, 34290000),
('BRG043', '2021-08-02', 'KIM A', 20000, 16, 320000),
('BRG044', '2021-08-02', 'DJG F', 81000, 31, 2511000),
('BRG045', '2021-08-02', 'RIM B', 15000, 20, 300000),
('BRG046', '2021-08-02', 'KIM B', 20000, 47, 940000),
('BRG047', '2021-08-02', 'AH BA', 44500, 33, 1468500),
('BRG047', '2021-08-02', 'AH AF', 55500, 21, 1165500),
('BRG047', '2021-08-02', 'BR B M3', 585000, 25, 14625000),
('BRG047', '2021-08-02', 'BSI A', 30000, 36, 1080000),
('BRG047', '2021-08-02', 'DJG A', 45000, 16, 720000),
('BRG048', '2021-08-02', 'AH BB', 49000, 24, 1176000),
('BRG048', '2021-08-02', 'AH AC', 37500, 25, 937500),
('BRG048', '2021-08-02', 'BKM B', 62000, 10, 620000),
('BRG048', '2021-08-02', 'BR JUH', 7800, 34, 265200),
('BRG048', '2021-08-02', 'BSI B', 44000, 50, 2200000),
('BRG048', '2021-08-02', 'CTA', 73500, 33, 2425500),
('BRG048', '2021-08-02', 'KSM A', 20000, 20, 400000),
('BRG048', '2021-08-02', 'NOSG B', 38000, 30, 1140000),
('BRG048', '2021-08-02', 'SH A', 72000, 34, 2448000),
('BRG049', '2021-08-02', 'AH BF', 82000, 7, 574000),
('BRG049', '2021-08-02', 'KJA B', 6700000, 1, 6700000),
('BRG049', '2021-08-02', 'PKM AC', 30000, 32, 960000),
('BRG050', '2021-08-02', 'NOSG A', 29000, 25, 725000),
('BRG050', '2021-08-02', 'PKM AE', 3350000, 16, 53600000),
('BRG050', '2021-08-02', 'SH B', 61000, 43, 2623000),
('BRG051', '2021-08-03', 'AH AE', 49500, 40, 1980000),
('BRG051', '2021-08-03', 'SG B', 71000, 42, 2982000),
('BRG051', '2021-08-03', 'SPLPU', 185000, 21, 3885000),
('BRG052', '2021-08-03', 'BKM D', 90000, 44, 3960000),
('BRG052', '2021-08-03', 'BSIR A', 36000, 27, 972000),
('BRG052', '2021-08-03', 'CNW', 180000, 49, 8820000),
('BRG052', '2021-08-03', 'KJA D', 12000000, 1, 12000000),
('BRG052', '2021-08-03', 'PKM BA', 3350000, 45, 150750000),
('BRG053', '2021-08-03', 'BAND', 160000, 48, 7680000),
('BRG053', '2021-08-03', 'BBMB', 725, 48, 34800),
('BRG053', '2021-08-03', 'BBMO', 900, 44, 39600),
('BRG053', '2021-08-03', 'BR A M3', 750000, 19, 14250000),
('BRG053', '2021-08-03', 'CN', 195000, 39, 7605000),
('BRG054', '2021-09-01', 'BKM D', 90000, 28, 2520000),
('BRG054', '2021-09-01', 'CTSW', 215000, 23, 4945000),
('BRG055', '2021-09-01', 'AH BC', 56500, 38, 2147000),
('BRG055', '2021-09-01', 'CTCY', 93500, 31, 2898500),
('BRG055', '2021-09-01', 'CTM', 130000, 46, 5980000),
('BRG055', '2021-09-01', 'PHC', 2200000, 21, 46200000),
('BRG055', '2021-09-01', 'PSBT', 1340000, 16, 21440000),
('BRG056', '2021-09-01', 'AH AA', 28500, 8, 228000),
('BRG056', '2021-09-01', 'BSI C', 65000, 48, 3120000),
('BRG056', '2021-09-01', 'DJG B', 51000, 10, 510000),
('BRG056', '2021-09-01', 'PBS', 2350000, 31, 72850000),
('BRG056', '2021-09-01', 'PKM BA', 3150000, 38, 119700000),
('BRG056', '2021-09-01', 'STR A', 73000, 41, 2993000),
('BRG057', '2021-09-01', 'AH AC', 37500, 40, 1500000),
('BRG057', '2021-09-01', 'CNS', 148000, 7, 1036000),
('BRG057', '2021-09-01', 'PKM AA', 48000, 47, 2256000),
('BRG058', '2021-09-01', 'CTDPG', 180000, 29, 5220000),
('BRG059', '2021-09-01', 'BBTK', 3500, 42, 147000),
('BRG059', '2021-09-01', 'CTV', 75000, 7, 525000),
('BRG059', '2021-09-01', 'PU', 1900000, 39, 74100000),
('BRG059', '2021-09-01', 'SG B', 71000, 36, 2556000),
('BRG059', '2021-09-01', 'SPLT', 1270000, 44, 55880000),
('BRG060', '2021-09-02', 'AH AD', 42500, 21, 892500),
('BRG060', '2021-09-02', 'BBMO', 900, 40, 36000),
('BRG061', '2021-09-02', 'DJG D', 65000, 12, 780000),
('BRG061', '2021-09-02', 'PCS', 5550000, 17, 94350000),
('BRG062', '2021-09-02', 'CTDPS', 137000, 6, 822000),
('BRG062', '2021-09-02', 'KJA D', 12000000, 40, 480000000),
('BRG062', '2021-09-02', 'RLM B', 15000, 36, 540000),
('BRG063', '2021-09-02', 'AH BD', 68500, 12, 822000),
('BRG063', '2021-09-02', 'AH BB', 49000, 26, 1274000),
('BRG063', '2021-09-02', 'BKNEC', 210000, 22, 4620000),
('BRG063', '2021-09-02', 'BSI B', 44000, 34, 1496000),
('BRG063', '2021-09-02', 'CTA', 73500, 38, 2793000),
('BRG063', '2021-09-02', 'DJG C', 57000, 17, 969000),
('BRG063', '2021-09-02', 'SH B', 61000, 26, 1586000),
('BRG063', '2021-09-02', 'SH A', 72000, 49, 3528000),
('BRG063', '2021-09-02', 'STR B', 62000, 42, 2604000),
('BRG064', '2021-09-02', 'AH BA', 44500, 19, 845500),
('BRG064', '2021-09-02', 'BKL', 185000, 31, 5735000),
('BRG064', '2021-09-02', 'BR A M3', 750000, 7, 5250000),
('BRG064', '2021-09-02', 'KIM A', 20000, 44, 880000),
('BRG064', '2021-09-02', 'KJA B', 6700000, 32, 214400000),
('BRG064', '2021-09-02', 'PKM AE', 3250000, 21, 68250000),
('BRG064', '2021-09-02', 'SG A', 60000, 26, 1560000),
('BRG065', '2021-09-02', 'BKM B', 62000, 26, 1612000),
('BRG065', '2021-09-02', 'BR B M3', 585000, 18, 10530000),
('BRG065', '2021-09-02', 'BSI D', 99000, 48, 4752000),
('BRG065', '2021-09-02', 'CNW', 180000, 13, 2340000),
('BRG065', '2021-09-02', 'CTD', 117500, 18, 2115000),
('BRG065', '2021-09-02', 'DJG E', 73000, 43, 3139000),
('BRG065', '2021-09-02', 'NOAS', 42000, 6, 252000),
('BRG065', '2021-09-02', 'PKM AC', 3000000, 15, 45000000),
('BRG065', '2021-09-02', 'RIM A', 18000, 49, 882000),
('BRG066', '2021-09-02', 'AH AB', 33500, 11, 368500),
('BRG066', '2021-09-02', 'BAND', 160000, 9, 1440000),
('BRG066', '2021-09-02', 'BSIC A', 48000, 8, 384000),
('BRG066', '2021-09-02', 'CN', 195000, 16, 3120000),
('BRG066', '2021-09-02', 'KSM A', 20000, 41, 820000),
('BRG066', '2021-09-02', 'SPTR', 90000, 50, 4500000),
('BRG067', '2021-09-02', 'BSIC B', 58000, 50, 2900000),
('BRG067', '2021-09-02', 'BTRH', 730000, 8, 5840000),
('BRG067', '2021-09-02', 'KJA A', 3800000, 20, 76000000),
('BRG067', '2021-09-02', 'PKM BA', 3350000, 9, 30150000),
('BRG067', '2021-09-02', 'RIM B', 15000, 12, 180000),
('BRG067', '2021-09-02', 'RLM A', 15000, 6, 90000),
('BRG067', '2021-09-02', 'SG A', 59000, 46, 2714000),
('BRG067', '2021-09-02', 'SG B', 70000, 43, 3010000),
('BRG068', '2021-09-02', 'PKM AE', 3350000, 15, 50250000),
('BRG069', '2021-09-02', 'KIM B', 20000, 11, 220000),
('BRG070', '2021-09-02', 'NOSG B', 38000, 43, 1634000),
('BRG071', '2021-09-02', 'BSIR B', 42000, 21, 882000),
('BRG072', '2021-09-02', 'NOSG A', 29000, 14, 406000),
('BRG073', '2021-09-02', 'AH AF', 55500, 43, 2386500),
('BRG074', '2021-09-02', 'CNO', 220000, 19, 4180000),
('BRG075', '2021-09-03', 'AH BF', 82000, 11, 902000),
('BRG075', '2021-09-03', 'BKM C', 70000, 18, 1260000),
('BRG075', '2021-09-03', 'BR JUH', 7800, 46, 358800),
('BRG075', '2021-09-03', 'BSI E', 168000, 32, 5376000),
('BRG075', '2021-09-03', 'BTRV', 650000, 23, 14950000),
('BRG075', '2021-09-03', 'KJA C', 10000000, 8, 80000000),
('BRG075', '2021-09-03', 'KSM A', 20000, 42, 840000),
('BRG075', '2021-09-03', 'NOASG', 31500, 36, 1134000),
('BRG075', '2021-09-03', 'PKM AC', 30000, 32, 960000),
('BRG075', '2021-09-03', 'PSBC', 560000, 33, 18480000),
('BRG075', '2021-09-03', 'SPLPU', 185000, 39, 7215000),
('BRG076', '2021-09-03', 'BR LUH', 10000, 21, 210000),
('BRG076', '2021-09-03', 'BSI A', 30000, 50, 1500000),
('BRG076', '2021-09-03', 'BSIR A', 36000, 41, 1476000),
('BRG076', '2021-09-03', 'DJG F', 81000, 8, 648000),
('BRG077', '2021-09-03', 'AH AE', 49500, 7, 346500),
('BRG077', '2021-09-03', 'DJG A', 45000, 28, 1260000),
('BRG077', '2021-09-03', 'PKM BB', 3150000, 44, 138600000),
('BRG078', '2021-09-03', 'ABG', 30000, 25, 750000),
('BRG078', '2021-09-03', 'AH BE', 74000, 11, 814000),
('BRG078', '2021-09-03', 'BBMB', 725, 17, 12325),
('BRG078', '2021-09-03', 'BKM A', 72000, 5, 360000),
('BRG079', '2021-10-01', 'CTV', 75000, 27, 2025000),
('BRG079', '2021-10-01', 'PKM AC', 3000000, 7, 21000000),
('BRG079', '2021-10-01', 'SG B', 70000, 41, 2870000),
('BRG080', '2021-10-01', 'KJA C', 10000000, 16, 160000000),
('BRG081', '2021-10-01', 'AH AD', 42500, 38, 1615000),
('BRG081', '2021-10-01', 'BKM D', 90000, 32, 2880000),
('BRG081', '2021-10-01', 'BSI B', 44000, 44, 1936000),
('BRG081', '2021-10-01', 'BTRH', 730000, 29, 21170000),
('BRG081', '2021-10-01', 'CN', 195000, 17, 3315000),
('BRG081', '2021-10-01', 'DJG D', 65000, 10, 650000),
('BRG081', '2021-10-01', 'KSM A', 20000, 41, 820000),
('BRG081', '2021-10-01', 'PKM BA', 3150000, 33, 103950000),
('BRG082', '2021-10-01', 'BKM C', 70000, 23, 1610000),
('BRG082', '2021-10-01', 'BKNEC', 210000, 43, 9030000),
('BRG082', '2021-10-01', 'BR B M3', 585000, 33, 19305000),
('BRG082', '2021-10-01', 'KSM A', 20000, 27, 540000),
('BRG083', '2021-10-01', 'AH BD', 68500, 35, 2397500),
('BRG083', '2021-10-01', 'CTSW', 215000, 49, 10535000),
('BRG083', '2021-10-01', 'DJG A', 45000, 20, 900000),
('BRG084', '2021-10-02', 'AH AF', 55500, 34, 1887000),
('BRG084', '2021-10-02', 'BSI C', 65000, 32, 2080000),
('BRG084', '2021-10-02', 'BSIC B', 58000, 29, 1682000),
('BRG084', '2021-10-02', 'CTCY', 93500, 49, 4581500),
('BRG084', '2021-10-02', 'CTD', 117500, 8, 940000),
('BRG084', '2021-10-02', 'PBS', 2350000, 6, 14100000),
('BRG084', '2021-10-02', 'PSBC', 560000, 49, 27440000),
('BRG084', '2021-10-02', 'RIM B', 15000, 29, 435000),
('BRG084', '2021-10-02', 'SPLT', 1270000, 41, 52070000),
('BRG084', '2021-10-02', 'STR A', 73000, 39, 2847000),
('BRG085', '2021-10-02', 'AH BA', 44500, 17, 756500),
('BRG085', '2021-10-02', 'BSI D', 99000, 46, 4554000),
('BRG085', '2021-10-02', 'DJG C', 57000, 11, 627000),
('BRG085', '2021-10-02', 'KJA A', 3800000, 18, 68400000),
('BRG086', '2021-10-02', 'BR A M3', 750000, 48, 36000000),
('BRG086', '2021-10-02', 'BSIR B', 42000, 41, 1722000),
('BRG086', '2021-10-02', 'PKM BB', 3150000, 29, 91350000),
('BRG086', '2021-10-02', 'RIM A', 18000, 21, 378000),
('BRG087', '2021-10-02', 'CNO', 220000, 20, 4400000),
('BRG087', '2021-10-02', 'DJG E', 73000, 6, 438000),
('BRG087', '2021-10-02', 'PSBT', 1340000, 30, 40200000),
('BRG088', '2021-10-02', 'AH BB', 49000, 20, 980000),
('BRG088', '2021-10-02', 'AH AC', 37500, 33, 1237500),
('BRG088', '2021-10-02', 'AH AE', 49500, 24, 1188000),
('BRG088', '2021-10-02', 'BTRV', 650000, 38, 24700000),
('BRG089', '2021-10-02', 'BBMO', 900, 14, 12600),
('BRG089', '2021-10-02', 'BR LUH', 10000, 45, 450000),
('BRG089', '2021-10-02', 'CNW', 180000, 14, 2520000),
('BRG089', '2021-10-02', 'PKM AE', 3250000, 39, 126750000),
('BRG090', '2021-10-02', 'BKM A', 72000, 35, 2520000),
('BRG090', '2021-10-02', 'BSIC A', 48000, 17, 816000),
('BRG090', '2021-10-02', 'CTM', 130000, 24, 3120000),
('BRG090', '2021-10-02', 'DJG F', 81000, 5, 405000),
('BRG090', '2021-10-02', 'PHC', 2200000, 17, 37400000),
('BRG091', '2021-10-02', 'BKM B', 62000, 5, 310000),
('BRG091', '2021-10-02', 'CTDPS', 137000, 28, 3836000),
('BRG091', '2021-10-02', 'PKM AC', 30000, 41, 1230000),
('BRG091', '2021-10-02', 'RLM A', 15000, 6, 90000),
('BRG091', '2021-10-02', 'SG A', 60000, 33, 1980000),
('BRG092', '2021-10-02', 'AH BE', 74000, 11, 814000),
('BRG092', '2021-10-02', 'AH AA', 28500, 6, 171000),
('BRG092', '2021-10-02', 'BAND', 160000, 13, 2080000),
('BRG092', '2021-10-02', 'KIM B', 20000, 14, 280000),
('BRG092', '2021-10-02', 'NOASG', 31500, 14, 441000),
('BRG092', '2021-10-02', 'SPLPU', 185000, 14, 2590000),
('BRG093', '2021-10-02', 'NOSG A', 29000, 38, 1102000),
('BRG094', '2021-10-02', 'PKM AA', 48000, 38, 1824000),
('BRG095', '2021-10-02', 'PU', 1900000, 35, 66500000),
('BRG096', '2021-10-02', 'AH BC', 56500, 11, 621500),
('BRG097', '2021-10-02', 'BSI A', 30000, 16, 480000),
('BRG098', '2021-10-02', 'BSIR A', 36000, 48, 1728000),
('BRG099', '2021-10-02', 'BBMB', 725, 45, 32625),
('BRG099', '2021-10-02', 'BKL', 185000, 29, 5365000),
('BRG099', '2021-10-02', 'BR JUH', 7800, 6, 46800),
('BRG099', '2021-10-02', 'DJG B', 51000, 27, 1377000),
('BRG099', '2021-10-02', 'KIM A', 20000, 9, 180000),
('BRG099', '2021-10-02', 'KJA D', 12000000, 5, 60000000),
('BRG099', '2021-10-02', 'PKM AE', 3350000, 48, 160800000),
('BRG099', '2021-10-02', 'SH A', 72000, 31, 2232000),
('BRG100', '2021-10-02', 'ABG', 30000, 16, 480000),
('BRG100', '2021-10-02', 'AH AB', 33500, 18, 603000),
('BRG100', '2021-10-02', 'KJA B', 6700000, 40, 268000000),
('BRG100', '2021-10-02', 'SG B', 71000, 8, 568000),
('BRG100', '2021-10-02', 'SH B', 61000, 8, 488000),
('BRG101', '2021-10-02', 'AH BF', 82000, 47, 3854000),
('BRG101', '2021-10-02', 'BBTK', 3500, 49, 171500),
('BRG101', '2021-10-02', 'CNS', 148000, 18, 2664000),
('BRG101', '2021-10-02', 'CTDPG', 180000, 37, 6660000),
('BRG101', '2021-10-02', 'NOAS', 42000, 30, 1260000),
('BRG101', '2021-10-02', 'PCS', 5550000, 16, 88800000),
('BRG102', '2021-10-02', 'NOSG B', 38000, 7, 266000),
('BRG103', '2021-10-02', 'SG A', 59000, 39, 2301000),
('BRG104', '2021-10-03', 'BSI E', 168000, 30, 5040000),
('BRG104', '2021-10-03', 'CTA', 73500, 42, 3087000),
('BRG104', '2021-10-03', 'PKM BA', 3350000, 7, 23450000),
('BRG104', '2021-10-03', 'RLM B', 15000, 39, 585000),
('BRG104', '2021-10-03', 'SPTR', 90000, 25, 2250000),
('BRG104', '2021-10-03', 'STR B', 62000, 41, 2542000),
('BRG105', '2021-11-01', 'AH AB', 33500, 41, 1373500),
('BRG105', '2021-11-01', 'BBMO', 900, 25, 22500),
('BRG105', '2021-11-01', 'BSI C', 65000, 39, 2535000),
('BRG105', '2021-11-01', 'CNO', 220000, 9, 1980000),
('BRG105', '2021-11-01', 'DJG B', 51000, 15, 765000),
('BRG105', '2021-11-01', 'DJG F', 81000, 47, 3807000),
('BRG105', '2021-11-01', 'PKM AE', 3250000, 36, 117000000),
('BRG105', '2021-11-01', 'RLM A', 15000, 12, 180000),
('BRG105', '2021-11-01', 'STR A', 73000, 44, 3212000),
('BRG106', '2021-11-02', 'AH BD', 68500, 26, 1781000),
('BRG106', '2021-11-02', 'BKNEC', 210000, 45, 9450000),
('BRG106', '2021-11-02', 'BSI B', 44000, 38, 1672000),
('BRG106', '2021-11-02', 'NOAS', 42000, 23, 966000),
('BRG106', '2021-11-02', 'SH B', 61000, 31, 1891000),
('BRG107', '2021-11-02', 'AH BC', 56500, 20, 1130000),
('BRG107', '2021-11-02', 'BKM B', 62000, 15, 930000),
('BRG107', '2021-11-02', 'BKM D', 90000, 15, 1350000),
('BRG107', '2021-11-02', 'KJA A', 3800000, 8, 30400000),
('BRG107', '2021-11-02', 'KSM A', 20000, 43, 860000),
('BRG107', '2021-11-02', 'PCS', 5550000, 12, 66600000),
('BRG107', '2021-11-02', 'SG B', 71000, 14, 994000),
('BRG107', '2021-11-02', 'SPLT', 1270000, 12, 15240000),
('BRG108', '2021-11-02', 'BKM A', 72000, 34, 2448000),
('BRG108', '2021-11-02', 'BKM C', 70000, 13, 910000),
('BRG108', '2021-11-02', 'CNW', 180000, 18, 3240000),
('BRG108', '2021-11-02', 'DJG D', 65000, 42, 2730000),
('BRG108', '2021-11-02', 'NOSG A', 29000, 15, 435000),
('BRG108', '2021-11-02', 'SG A', 59000, 41, 2419000),
('BRG109', '2021-11-02', 'BBMB', 725, 14, 10150),
('BRG109', '2021-11-02', 'DJG A', 45000, 49, 2205000),
('BRG109', '2021-11-02', 'KIM B', 20000, 38, 760000),
('BRG109', '2021-11-02', 'STR B', 62000, 37, 2294000),
('BRG110', '2021-11-02', 'BR A M3', 750000, 47, 35250000),
('BRG110', '2021-11-02', 'BSI D', 99000, 49, 4851000),
('BRG110', '2021-11-02', 'CTDPS', 137000, 33, 4521000),
('BRG110', '2021-11-02', 'KJA B', 6700000, 16, 107200000),
('BRG110', '2021-11-02', 'KJA D', 12000000, 27, 324000000),
('BRG110', '2021-11-02', 'PKM BA', 3350000, 35, 117250000),
('BRG111', '2021-11-02', 'AH BE', 74000, 37, 2738000),
('BRG111', '2021-11-02', 'BR JUH', 7800, 26, 202800),
('BRG111', '2021-11-02', 'CN', 195000, 31, 6045000),
('BRG111', '2021-11-02', 'CTDPG', 180000, 39, 7020000),
('BRG111', '2021-11-02', 'DJG C', 57000, 9, 513000),
('BRG111', '2021-11-02', 'PSBC', 560000, 40, 22400000),
('BRG111', '2021-11-02', 'PU', 1900000, 27, 51300000),
('BRG112', '2021-11-02', 'AH AD', 42500, 7, 297500),
('BRG112', '2021-11-02', 'AH BF', 82000, 16, 1312000),
('BRG112', '2021-11-02', 'BSIC B', 58000, 50, 2900000),
('BRG112', '2021-11-02', 'CTD', 117500, 37, 4347500),
('BRG112', '2021-11-02', 'PKM BB', 3150000, 28, 88200000),
('BRG112', '2021-11-02', 'SPLPU', 185000, 32, 5920000),
('BRG113', '2021-11-02', 'AH AF', 55500, 18, 999000),
('BRG113', '2021-11-02', 'PKM BA', 3150000, 5, 15750000),
('BRG113', '2021-11-02', 'SG A', 60000, 14, 840000),
('BRG114', '2021-11-03', 'BR B M3', 585000, 38, 22230000),
('BRG114', '2021-11-03', 'BSI E', 168000, 41, 6888000),
('BRG114', '2021-11-03', 'BSI A', 30000, 7, 210000),
('BRG114', '2021-11-03', 'BTRV', 650000, 8, 5200000),
('BRG114', '2021-11-03', 'PSBT', 1340000, 18, 24120000),
('BRG114', '2021-11-03', 'SH A', 72000, 25, 1800000),
('BRG115', '2021-11-03', 'AH BA', 44500, 32, 1424000),
('BRG115', '2021-11-03', 'BR LUH', 10000, 41, 410000),
('BRG115', '2021-11-03', 'BSIR A', 36000, 12, 432000),
('BRG115', '2021-11-03', 'PKM AC', 3000000, 46, 138000000),
('BRG115', '2021-11-03', 'PKM AE', 3350000, 20, 67000000),
('BRG115', '2021-11-03', 'RLM B', 15000, 23, 345000),
('BRG116', '2021-11-03', 'AH AC', 37500, 12, 450000),
('BRG116', '2021-11-03', 'BBTK', 3500, 23, 80500),
('BRG116', '2021-11-03', 'CNS', 148000, 18, 2664000),
('BRG116', '2021-11-03', 'KJA C', 10000000, 17, 170000000),
('BRG116', '2021-11-03', 'RIM A', 18000, 34, 612000),
('BRG117', '2021-11-03', 'AH AA', 28500, 47, 1339500),
('BRG117', '2021-11-03', 'CTA', 73500, 22, 1617000),
('BRG117', '2021-11-03', 'DJG E', 73000, 22, 1606000),
('BRG117', '2021-11-03', 'KIM A', 20000, 44, 880000),
('BRG118', '2021-11-03', 'BKL', 185000, 21, 3885000),
('BRG118', '2021-11-03', 'BTRH', 730000, 49, 35770000),
('BRG118', '2021-11-03', 'NOSG B', 38000, 45, 1710000),
('BRG118', '2021-11-03', 'PHC', 2200000, 27, 59400000),
('BRG118', '2021-11-03', 'PKM AA', 48000, 36, 1728000),
('BRG119', '2021-11-03', 'ABG', 30000, 16, 480000),
('BRG119', '2021-11-03', 'AH BB', 49000, 19, 931000),
('BRG119', '2021-11-03', 'BSIR B', 42000, 18, 756000),
('BRG119', '2021-11-03', 'CTCY', 93500, 46, 4301000),
('BRG119', '2021-11-03', 'CTSW', 215000, 19, 4085000),
('BRG119', '2021-11-03', 'PBS', 2350000, 36, 84600000),
('BRG120', '2021-11-03', 'AH AE', 49500, 8, 396000),
('BRG120', '2021-11-03', 'BSIC A', 48000, 45, 2160000),
('BRG120', '2021-11-03', 'CTV', 75000, 21, 1575000),
('BRG120', '2021-11-03', 'KSM A', 20000, 41, 820000),
('BRG120', '2021-11-03', 'PKM AC', 30000, 37, 1110000),
('BRG120', '2021-11-03', 'SPTR', 90000, 25, 2250000),
('BRG121', '2021-11-03', 'BAND', 160000, 14, 2240000),
('BRG121', '2021-11-03', 'CTM', 130000, 42, 5460000),
('BRG121', '2021-11-03', 'NOASG', 31500, 12, 378000),
('BRG121', '2021-11-03', 'RIM B', 15000, 6, 90000),
('BRG121', '2021-11-03', 'SG B', 70000, 17, 1190000),
('BRG122', '2021-11-03', 'CTSW', 215000, 25, 5375000),
('BRG122', '2021-11-03', 'PCS', 5550000, 27, 149850000),
('BRG122', '2021-11-03', 'RIM A', 18000, 7, 126000),
('BRG122', '2021-11-03', 'RLM A', 15000, 11, 165000),
('BRG123', '2021-11-03', 'CNO', 220000, 7, 1540000),
('BRG124', '2021-11-03', 'CTCY', 93500, 19, 1776500),
('BRG125', '2021-11-03', 'BBMB', 725, 8, 5800),
('BRG126', '2021-11-03', 'AH AF', 55500, 47, 2608500),
('BRG127', '2021-12-01', 'BR JUH', 7800, 34, 265200),
('BRG127', '2021-12-01', 'BTRV', 650000, 25, 16250000),
('BRG127', '2021-12-01', 'PKM AE', 3250000, 25, 81250000),
('BRG128', '2021-12-01', 'KJA C', 10000000, 43, 430000000),
('BRG128', '2021-12-01', 'PKM BA', 3350000, 16, 53600000),
('BRG129', '2021-12-01', 'BTRH', 730000, 19, 13870000),
('BRG130', '2021-12-01', 'RIM B', 15000, 14, 210000),
('BRG131', '2021-12-01', 'CNS', 148000, 19, 2812000),
('BRG132', '2021-12-02', 'AH AD', 42500, 46, 1955000),
('BRG132', '2021-12-02', 'BSI C', 65000, 16, 1040000),
('BRG132', '2021-12-02', 'BSI B', 44000, 35, 1540000),
('BRG132', '2021-12-02', 'BSIR A', 36000, 18, 648000),
('BRG132', '2021-12-02', 'DJG F', 81000, 31, 2511000),
('BRG133', '2021-12-02', 'ABG', 30000, 19, 570000),
('BRG133', '2021-12-02', 'BKL', 185000, 19, 3515000),
('BRG133', '2021-12-02', 'BR LUH', 10000, 40, 400000),
('BRG134', '2021-12-02', 'BKNEC', 210000, 48, 10080000),
('BRG134', '2021-12-02', 'DJG E', 73000, 43, 3139000),
('BRG134', '2021-12-02', 'PKM AC', 30000, 20, 600000),
('BRG134', '2021-12-02', 'PU', 1900000, 5, 9500000),
('BRG134', '2021-12-02', 'SPTR', 90000, 27, 2430000),
('BRG135', '2021-12-02', 'CTDPS', 137000, 35, 4795000),
('BRG135', '2021-12-02', 'DJG C', 57000, 48, 2736000),
('BRG135', '2021-12-02', 'NOSG B', 38000, 47, 1786000),
('BRG135', '2021-12-02', 'SG A', 60000, 32, 1920000),
('BRG136', '2021-12-02', 'AH BF', 82000, 41, 3362000),
('BRG136', '2021-12-02', 'NOASG', 31500, 29, 913500),
('BRG136', '2021-12-02', 'PKM AC', 3000000, 7, 21000000),
('BRG136', '2021-12-02', 'SPLT', 1270000, 44, 55880000),
('BRG137', '2021-12-02', 'AH AE', 49500, 33, 1633500),
('BRG137', '2021-12-02', 'CN', 195000, 16, 3120000),
('BRG137', '2021-12-02', 'KJA A', 3800000, 19, 72200000),
('BRG137', '2021-12-02', 'PKM AA', 48000, 20, 960000),
('BRG138', '2021-12-02', 'AH BD', 68500, 34, 2329000),
('BRG138', '2021-12-02', 'AH BE', 74000, 48, 3552000),
('BRG138', '2021-12-02', 'BBTK', 3500, 39, 136500),
('BRG138', '2021-12-02', 'PBS', 2350000, 49, 115150000),
('BRG139', '2021-12-03', 'AH BC', 56500, 33, 1864500),
('BRG139', '2021-12-03', 'BAND', 160000, 6, 960000),
('BRG139', '2021-12-03', 'BKM D', 90000, 31, 2790000),
('BRG139', '2021-12-03', 'PSBT', 1340000, 8, 10720000),
('BRG139', '2021-12-03', 'SG A', 59000, 46, 2714000),
('BRG140', '2021-12-03', 'BBMO', 900, 45, 40500),
('BRG140', '2021-12-03', 'PKM BA', 3150000, 32, 100800000),
('BRG140', '2021-12-03', 'PSBC', 560000, 41, 22960000),
('BRG140', '2021-12-03', 'SG B', 70000, 21, 1470000),
('BRG141', '2021-12-03', 'BKM A', 72000, 19, 1368000),
('BRG141', '2021-12-03', 'BKM C', 70000, 43, 3010000),
('BRG141', '2021-12-03', 'DJG B', 51000, 17, 867000),
('BRG141', '2021-12-03', 'DJG A', 45000, 44, 1980000),
('BRG141', '2021-12-03', 'KSM A', 20000, 19, 380000),
('BRG141', '2021-12-03', 'KSM A', 20000, 50, 1000000),
('BRG142', '2021-12-03', 'AH AA', 28500, 19, 541500),
('BRG142', '2021-12-03', 'BSIC B', 58000, 29, 1682000),
('BRG142', '2021-12-03', 'KIM B', 20000, 50, 1000000),
('BRG142', '2021-12-03', 'SH B', 61000, 26, 1586000),
('BRG143', '2021-12-03', 'BR B M3', 585000, 8, 4680000),
('BRG143', '2021-12-03', 'BSI D', 99000, 29, 2871000),
('BRG143', '2021-12-03', 'CNW', 180000, 39, 7020000),
('BRG143', '2021-12-03', 'NOSG A', 29000, 15, 435000),
('BRG143', '2021-12-03', 'PHC', 2200000, 30, 66000000),
('BRG143', '2021-12-03', 'PKM AE', 3350000, 49, 164150000),
('BRG143', '2021-12-03', 'STR B', 62000, 35, 2170000),
('BRG144', '2021-12-03', 'BSI E', 168000, 49, 8232000),
('BRG144', '2021-12-03', 'BSI A', 30000, 35, 1050000),
('BRG144', '2021-12-03', 'CTA', 73500, 36, 2646000),
('BRG144', '2021-12-03', 'CTM', 130000, 10, 1300000),
('BRG144', '2021-12-03', 'KJA D', 12000000, 43, 516000000),
('BRG145', '2021-12-03', 'AH BB', 49000, 37, 1813000),
('BRG145', '2021-12-03', 'BSIC A', 48000, 33, 1584000),
('BRG145', '2021-12-03', 'CTD', 117500, 27, 3172500),
('BRG145', '2021-12-03', 'KJA B', 6700000, 32, 214400000),
('BRG145', '2021-12-03', 'PKM BB', 3150000, 32, 100800000),
('BRG146', '2021-12-03', 'AH AC', 37500, 46, 1725000),
('BRG146', '2021-12-03', 'BKM B', 62000, 24, 1488000),
('BRG146', '2021-12-03', 'SG B', 71000, 31, 2201000),
('BRG146', '2021-12-03', 'STR A', 73000, 5, 365000),
('BRG147', '2021-12-03', 'BR A M3', 750000, 50, 37500000),
('BRG148', '2021-12-03', 'SPLPU', 185000, 24, 4440000),
('BRG149', '2021-12-03', 'NOAS', 42000, 50, 2100000),
('BRG150', '2021-12-03', 'CTV', 75000, 45, 3375000),
('BRG151', '2021-12-03', 'CTDPG', 180000, 46, 8280000),
('BRG152', '2021-12-03', 'AH BA', 44500, 39, 1735500),
('BRG152', '2021-12-03', 'BSIR B', 42000, 18, 756000),
('BRG152', '2021-12-03', 'KIM A', 20000, 21, 420000),
('BRG152', '2021-12-03', 'SH A', 72000, 18, 1296000),
('BRG153', '2021-12-03', 'AH AB', 33500, 29, 971500),
('BRG153', '2021-12-03', 'DJG D', 65000, 15, 975000),
('BRG153', '2021-12-03', 'RLM B', 15000, 49, 735000),
('BRG154', '2021-12-24', 'AH BE', 69000, 3, 207000),
('BRG154', '2021-12-24', 'BBMB', 625, 4, 2500),
('BRG155', '2022-01-13', 'ABG', 25000, 3, 75000);

-- --------------------------------------------------------

--
-- Struktur dari tabel `laporan_bulanan`
--

CREATE TABLE `laporan_bulanan` (
  `id_bulanan` int(10) NOT NULL,
  `bulan` varchar(64) CHARACTER SET utf8mb4 COLLATE utf8mb4_unicode_ci DEFAULT NULL,
  `jumlah` int(100) DEFAULT NULL
) ENGINE=InnoDB DEFAULT CHARSET=utf8mb4;

--
-- Dumping data untuk tabel `laporan_bulanan`
--

INSERT INTO `laporan_bulanan` (`id_bulanan`, `bulan`, `jumlah`) VALUES
(1, 'July', 45),
(2, 'August', 25),
(3, 'September', 40),
(4, 'October', 33),
(5, 'November', 12),
(6, 'December', 46);

-- --------------------------------------------------------

--
-- Struktur dari tabel `penjualan`
--

CREATE TABLE `penjualan` (
  `nonota` varchar(8) NOT NULL,
  `tanggal` date NOT NULL,
  `total` int(8) NOT NULL
) ENGINE=InnoDB DEFAULT CHARSET=latin1;

--
-- Dumping data untuk tabel `penjualan`
--

INSERT INTO `penjualan` (`nonota`, `tanggal`, `total`) VALUES
('BRG001', '2021-07-01', 2041000),
('BRG002', '2021-07-01', 181200000),
('BRG003', '2021-07-01', 10726000),
('BRG004', '2021-07-01', 35770000),
('BRG005', '2021-07-01', 113582000),
('BRG006', '2021-07-02', 4359500),
('BRG007', '2021-07-02', 75600000),
('BRG008', '2021-07-02', 7814000),
('BRG009', '2021-07-02', 13410000),
('BRG010', '2021-07-02', 449299500),
('BRG011', '2021-07-02', 39510000),
('BRG012', '2021-07-03', 1543500),
('BRG013', '2021-07-03', 32900000),
('BRG014', '2021-07-03', 161545000),
('BRG015', '2021-07-03', 48542500),
('BRG016', '2021-07-03', 68400000),
('BRG017', '2021-07-03', 3442000),
('BRG018', '2021-07-04', 5439000),
('BRG019', '2021-07-04', 39000000),
('BRG020', '2021-07-04', 6057000),
('BRG021', '2021-07-04', 24564000),
('BRG022', '2021-07-04', 114658000),
('BRG023', '2021-07-04', 384426750),
('BRG024', '2021-08-01', 95841000),
('BRG025', '2021-08-01', 6347500),
('BRG026', '2021-08-01', 133789000),
('BRG027', '2021-08-01', 97500000),
('BRG028', '2021-08-01', 2960000),
('BRG029', '2021-08-01', 38311000),
('BRG030', '2021-08-01', 9680000),
('BRG031', '2021-08-01', 68035500),
('BRG032', '2021-08-01', 24825000),
('BRG033', '2021-08-01', 207391000),
('BRG034', '2021-08-01', 9379000),
('BRG035', '2021-08-02', 13657000),
('BRG036', '2021-08-02', 182019000),
('BRG037', '2021-08-02', 3960000),
('BRG038', '2021-08-02', 462000),
('BRG039', '2021-08-02', 2400000),
('BRG040', '2021-08-02', 3553000),
('BRG041', '2021-08-02', 78750000),
('BRG042', '2021-08-02', 34290000),
('BRG043', '2021-08-02', 320000),
('BRG044', '2021-08-02', 2511000),
('BRG045', '2021-08-02', 300000),
('BRG046', '2021-08-02', 940000),
('BRG047', '2021-08-02', 19059000),
('BRG048', '2021-08-02', 11612200),
('BRG049', '2021-08-02', 8234000),
('BRG050', '2021-08-02', 56948000),
('BRG051', '2021-08-03', 8847000),
('BRG052', '2021-08-03', 176502000),
('BRG053', '2021-08-03', 29609400),
('BRG054', '2021-09-01', 7465000),
('BRG055', '2021-09-01', 78665500),
('BRG056', '2021-09-01', 199401000),
('BRG057', '2021-09-01', 4792000),
('BRG058', '2021-09-01', 5220000),
('BRG059', '2021-09-01', 133208000),
('BRG060', '2021-09-02', 928500),
('BRG061', '2021-09-02', 95130000),
('BRG062', '2021-09-02', 481362000),
('BRG063', '2021-09-02', 19692000),
('BRG064', '2021-09-02', 296920500),
('BRG065', '2021-09-02', 70622000),
('BRG066', '2021-09-02', 10632500),
('BRG067', '2021-09-02', 120884000),
('BRG068', '2021-09-02', 50250000),
('BRG069', '2021-09-02', 220000),
('BRG070', '2021-09-02', 1634000),
('BRG071', '2021-09-02', 882000),
('BRG072', '2021-09-02', 406000),
('BRG073', '2021-09-02', 2386500),
('BRG074', '2021-09-02', 4180000),
('BRG075', '2021-09-03', 131475800),
('BRG076', '2021-09-03', 3834000),
('BRG077', '2021-09-03', 140206500),
('BRG078', '2021-09-03', 1936325),
('BRG079', '2021-10-01', 25895000),
('BRG080', '2021-10-01', 160000000),
('BRG081', '2021-10-01', 136336000),
('BRG082', '2021-10-01', 30485000),
('BRG083', '2021-10-01', 13832500),
('BRG084', '2021-10-02', 108062500),
('BRG085', '2021-10-02', 74337500),
('BRG086', '2021-10-02', 129450000),
('BRG087', '2021-10-02', 45038000),
('BRG088', '2021-10-02', 28105500),
('BRG089', '2021-10-02', 129732600),
('BRG090', '2021-10-02', 44261000),
('BRG091', '2021-10-02', 7446000),
('BRG092', '2021-10-02', 6376000),
('BRG093', '2021-10-02', 1102000),
('BRG094', '2021-10-02', 1824000),
('BRG095', '2021-10-02', 66500000),
('BRG096', '2021-10-02', 621500),
('BRG097', '2021-10-02', 480000),
('BRG098', '2021-10-02', 1728000),
('BRG099', '2021-10-02', 230033425),
('BRG100', '2021-10-02', 270139000),
('BRG101', '2021-10-02', 103409500),
('BRG102', '2021-10-02', 266000),
('BRG103', '2021-10-02', 2301000),
('BRG104', '2021-10-03', 36954000),
('BRG105', '2021-11-01', 130875000),
('BRG106', '2021-11-02', 15760000),
('BRG107', '2021-11-02', 117504000),
('BRG108', '2021-11-02', 12182000),
('BRG109', '2021-11-02', 5269150),
('BRG110', '2021-11-02', 593072000),
('BRG111', '2021-11-02', 90218800),
('BRG112', '2021-11-02', 102977000),
('BRG113', '2021-11-02', 17589000),
('BRG114', '2021-11-03', 60448000),
('BRG115', '2021-11-03', 207611000),
('BRG116', '2021-11-03', 173806500),
('BRG117', '2021-11-03', 5442500),
('BRG118', '2021-11-03', 102493000),
('BRG119', '2021-11-03', 95153000),
('BRG120', '2021-11-03', 8311000),
('BRG121', '2021-11-03', 9358000),
('BRG122', '2021-11-03', 155516000),
('BRG123', '2021-11-03', 1540000),
('BRG124', '2021-11-03', 1776500),
('BRG125', '2021-11-03', 5800),
('BRG126', '2021-11-03', 2608500),
('BRG127', '2021-12-01', 97765200),
('BRG128', '2021-12-01', 483600000),
('BRG129', '2021-12-01', 13870000),
('BRG130', '2021-12-01', 210000),
('BRG131', '2021-12-01', 2812000),
('BRG132', '2021-12-02', 7694000),
('BRG133', '2021-12-02', 4485000),
('BRG134', '2021-12-02', 25749000),
('BRG135', '2021-12-02', 11237000),
('BRG136', '2021-12-02', 81155500),
('BRG137', '2021-12-02', 77913500),
('BRG138', '2021-12-02', 121167500),
('BRG139', '2021-12-03', 19048500),
('BRG140', '2021-12-03', 125270500),
('BRG141', '2021-12-03', 8605000),
('BRG142', '2021-12-03', 4809500),
('BRG143', '2021-12-03', 247326000),
('BRG144', '2021-12-03', 529228000),
('BRG145', '2021-12-03', 321769500),
('BRG146', '2021-12-03', 5779000),
('BRG147', '2021-12-03', 37500000),
('BRG148', '2021-12-03', 4440000),
('BRG149', '2021-12-03', 2100000),
('BRG150', '2021-12-03', 3375000),
('BRG151', '2021-12-03', 8280000),
('BRG152', '2021-12-03', 4207500),
('BRG153', '2021-12-03', 2681500),
('BRG154', '2021-12-24', 209500),
('BRG155', '2022-01-13', 75000);

-- --------------------------------------------------------

--
-- Struktur dari tabel `tblbarang`
--

CREATE TABLE `tblbarang` (
  `kode` varchar(10) NOT NULL,
  `nama` varchar(30) NOT NULL,
  `hrg_beli` int(10) NOT NULL,
  `hrg_jual` int(10) NOT NULL,
  `stok` int(5) NOT NULL
) ENGINE=InnoDB DEFAULT CHARSET=latin1;

--
-- Dumping data untuk tabel `tblbarang`
--

INSERT INTO `tblbarang` (`kode`, `nama`, `hrg_beli`, `hrg_jual`, `stok`) VALUES
('AAAAA', 'AAAAA', 20000, 30000, 4),
('ABG', 'Asbes Genteng 85cm x 115cm x 0', 25000, 30000, 997),
('AH AA', 'Asbes Harvlex 150 x 80 x 0.35 ', 23500, 28500, 1000),
('AH AB', 'Asbes Harvlex 180 x 80 x 0.35 ', 28500, 33500, 1000),
('AH AC', 'Asbes Harvlex 210 x 80 x 0.35 ', 32500, 37500, 1000),
('AH AD', 'Asbes Harvlex 240 x 80 x 0.35 ', 37500, 42500, 1000),
('AH AE', 'Asbes Harvlex 270 x 80 x 0.35 ', 44500, 49500, 1000),
('AH AF', 'Asbes Harvlex 300 x 80 x 0.35 ', 50500, 55500, 1000),
('AH BA', 'Asbes Harvlex 150 x 105 x 0.4 ', 39500, 44500, 1000),
('AH BB', 'Asbes Harvlex 180 x 105 x 0.4 ', 44000, 49000, 1000),
('AH BC', 'Asbes Harvlex 210 x 105 x 0.4 ', 51500, 56500, 1000),
('AH BD', 'Asbes Harvlex 240 x 105 x 0.4 ', 63500, 68500, 1000),
('AH BE', 'Asbes Harvlex 270 x 105x 0.4 2', 69000, 74000, 997),
('AH BF', 'Asbes Harvlex 300 x 105 x 0.4 ', 77000, 82000, 1000),
('BAND', 'Batu Andesit 30 x 30 (m2)', 155000, 160000, 1000),
('BBMB', 'Batu Bata Merah (biasa) buah', 625, 725, 996),
('BBMO', 'Batu Bata Merah (oven) buah', 800, 900, 1000),
('BBTK', 'Batako buah', 2500, 3500, 1000),
('BKL', 'Batu Kali Belah (m3) ', 180000, 185000, 1000),
('BKM A', 'Balok Kayu Mahoni 6 x 15 2 Met', 67000, 72000, 1000),
('BKM B', 'Balok Kayu Mahoni 5 x 10 2 Met', 57000, 62000, 1000),
('BKM C', 'Balok Kayu Mahoni 6 x 12 2 Met', 65000, 70000, 1000),
('BKM D', 'Balok Kayu Mahoni 8 x 12 2 Met', 85000, 90000, 1000),
('BKNEC', 'Batu Knecker (m3)', 205000, 210000, 1000),
('BR A M3', 'Bata Ringan 10x20x60cm m3', 745000, 750000, 1000),
('BR B M3', 'Bata Ringan 7,5x20x60cm m3', 580000, 585000, 1000),
('BR JUH', 'Bata Ringan 7,5x20x60cm buah', 2800, 7800, 1000),
('BR LUH', 'Bata Ringan 10x20x60cm buah', 5000, 10000, 1000),
('BSI A', 'Besi Beton 6mm', 26000, 30000, 1000),
('BSI B', 'Besi Beton 8mm', 40000, 44000, 1000),
('BSI C', 'Besi Beton 10mm', 59000, 65000, 1000),
('BSI D', 'Besi Beton 12mm', 84000, 99000, 1000),
('BSI E', 'Besi Beton 16mm', 140000, 168000, 1000),
('BSIC A', 'Besi Cakar Ayam 40?40 8mm', 45000, 48000, 1000),
('BSIC B', 'Besi Cakar Ayam 50?50 8mm', 55000, 58000, 1000),
('BSIR A', 'Besi Rangka 8mmx3m', 33000, 36000, 1000),
('BSIR B', 'Besi Rangka 10mmx3m', 35000, 42000, 1000),
('BTRH', 'Bata Ringan Hebel m3', 725000, 730000, 1000),
('BTRV', 'Bata Ringan Voscon m3', 645000, 650000, 1000),
('CN', 'Cat Nippon 3 in 1', 190000, 195000, 1000),
('CNO', 'Cat Nippo Odour-Less', 215000, 220000, 1000),
('CNS', 'Cat Nippon Spot-less', 143000, 148000, 1000),
('CNW', 'Cat Nippon Weatherbond', 175000, 180000, 1000),
('CTA', 'Cat Tembok Avitex', 68500, 73500, 1000),
('CTCY', 'Cat Tembok Catylac', 88500, 93500, 1000),
('CTD', 'Cat Tembok Dulux ', 112500, 117500, 1000),
('CTDPG', 'Cat Tembok Dulux Pearl Glo', 175000, 180000, 1000),
('CTDPS', 'Cat Tembok Dulux Pentalite Sta', 132000, 137000, 1000),
('CTM', 'Cat Tembok Mowilex', 125000, 130000, 1000),
('CTSW', 'Cat Tembok Dulux Weather shiel', 210000, 215000, 1000),
('CTV', 'Cat Tembok Vinilex', 70000, 75000, 1000),
('DJG A', 'Djabesmen gelombang 150?105 mm', 40000, 45000, 1000),
('DJG B', 'Djabesmen gelombang 180?105 mm', 46000, 51000, 1000),
('DJG C', 'Djabesmen gelombang 210?105 mm', 52000, 57000, 1000),
('DJG D', 'Djabesmen gelombang 240?105 mm', 60000, 65000, 1000),
('DJG E', 'Djabesmen gelombang 270?105 mm', 68000, 73000, 1000),
('DJG F', 'Djabesmen gelombang 300?105 mm', 76000, 81000, 1000),
('KIM A', 'Kaso Ikatan Mahoni 5 x 7 2 Met', 15000, 20000, 1000),
('KIM B', 'Kaso Ikatan Mahoni 4 x 6 2 Met', 15000, 20000, 1000),
('KJA A', 'Kayu Jati A1 Panjang 1?1,90 m ', 2500000, 3800000, 1000),
('KJA B', 'Kayu Jati A2 Panjang 1?1,90 m ', 4000000, 6700000, 1000),
('KJA C', 'Kayu Jati A3 Diameter 30?39 cm', 7000000, 10000000, 1000),
('KJA D', 'Kayu Jati A4 Diameter 40?49 cm', 1000000, 12000000, 1000),
('KSM A', 'Kaso Lepasan Mahoni 5 x 7 2 Me', 15000, 20000, 1000),
('NOAS', 'Nok Asbes pasang', 37000, 42000, 1000),
('NOASG', 'Nok Asbes Genteng 105cm 3.5 kg', 26500, 31500, 1000),
('NOSG A', 'Nok Stel Gelombang 80cm 3.4 kg', 24000, 29000, 1000),
('NOSG B', 'Nok Stel Gelombang 105cm 5.2 k', 33000, 38000, 1000),
('PBS', 'Pasir Bohlam Sukabumi 8 m?', 2345000, 2350000, 1000),
('PCS', 'Pasir Cor Serang 22 m?', 5545000, 5550000, 1000),
('PHC', 'Pasir Hitam Cor/Extra Beton 7 ', 2195000, 2200000, 1000),
('PKM AA', 'Papan Kayu Mahoni 3 x 20 2 Met', 43000, 48000, 1000),
('PKM AB', 'Papan Kayu Mahoni 2 x 20 2 Met', 25000, 30000, 1000),
('PKM AC', 'Papan Kayu Mahoni 4 x 20 2 Met', 2995000, 3000000, 1000),
('PKM AD', 'Papan Kayu Mahoni 3 x 25 2 Met', 3245000, 3250000, 1000),
('PKM AE', 'Papan Kayu Mahoni 6 x 20 2 Met', 3145000, 3150000, 1000),
('PKM BA', 'Papan Kayu Mahoni 5 x 30 2 Met', 3145000, 3150000, 1000),
('PKM BB', 'Papan Kayu Mahoni 4 x 30 2 Met', 3345000, 3350000, 1000),
('PKM BC', 'Papan Kayu Mahoni 3 x 30 2 Met', 3345000, 3350000, 1000),
('PSBC', 'Pasir Putih Bangka Colt', 555000, 560000, 1000),
('PSBT', 'Pasir Putih Bangka Truk', 1335000, 1340000, 1000),
('PU', 'Pasir Urug 10 m?', 1895000, 1900000, 1000),
('RIM A', 'Reng Ikatan Mahoni 3 x 4 2 Met', 13000, 18000, 1000),
('RIM B', 'Reng Ikatan Mahoni 2 x 3 2 Met', 10000, 15000, 1000),
('RLM A', 'Reng Lepasan Mahoni 2 x 3 2 Me', 10000, 15000, 1000),
('RLM B', 'Reng Lepasan Mahoni 3 x 4 2 Me', 10000, 15000, 1000),
('SG A', 'Semen Padang 50kg PC', 65000, 70000, 1000),
('SG B', 'Semen Padang 40kg Portland Cem', 54000, 59000, 1000),
('SH A', 'Semen Holcim 50kg PC', 67000, 72000, 1000),
('SH B', 'Semen Holcim 40kg Portland Cem', 56000, 61000, 1000),
('SPLPU', 'Split Pick Up ', 180000, 185000, 1000),
('SPLT', 'Split Truk', 1265000, 1270000, 1000),
('SPTR', 'Semen Putih Tiga Roda  Semen P', 85000, 90000, 1000),
('STR A', 'Semen Tiga Roda 50kg PC', 68000, 73000, 1000),
('STR B', 'Semen Tiga Roda 40kg Portland ', 57000, 62000, 1000);

-- --------------------------------------------------------

--
-- Struktur dari tabel `tblsementara`
--

CREATE TABLE `tblsementara` (
  `kode` varchar(30) DEFAULT NULL,
  `nama` varchar(30) DEFAULT NULL,
  `harga` int(8) DEFAULT NULL,
  `jumlah` int(8) DEFAULT NULL,
  `subtotal` int(8) DEFAULT NULL
) ENGINE=InnoDB DEFAULT CHARSET=latin1;

--
-- Indexes for dumped tables
--

--
-- Indeks untuk tabel `admin`
--
ALTER TABLE `admin`
  ADD PRIMARY KEY (`id_admin`);

--
-- Indeks untuk tabel `laporan_bulanan`
--
ALTER TABLE `laporan_bulanan`
  ADD PRIMARY KEY (`id_bulanan`);

--
-- Indeks untuk tabel `penjualan`
--
ALTER TABLE `penjualan`
  ADD PRIMARY KEY (`nonota`);

--
-- Indeks untuk tabel `tblbarang`
--
ALTER TABLE `tblbarang`
  ADD PRIMARY KEY (`kode`);

--
-- AUTO_INCREMENT untuk tabel yang dibuang
--

--
-- AUTO_INCREMENT untuk tabel `admin`
--
ALTER TABLE `admin`
  MODIFY `id_admin` int(1) NOT NULL AUTO_INCREMENT, AUTO_INCREMENT=7;

--
-- AUTO_INCREMENT untuk tabel `laporan_bulanan`
--
ALTER TABLE `laporan_bulanan`
  MODIFY `id_bulanan` int(10) NOT NULL AUTO_INCREMENT, AUTO_INCREMENT=7;
COMMIT;

/*!40101 SET CHARACTER_SET_CLIENT=@OLD_CHARACTER_SET_CLIENT */;
/*!40101 SET CHARACTER_SET_RESULTS=@OLD_CHARACTER_SET_RESULTS */;
/*!40101 SET COLLATION_CONNECTION=@OLD_COLLATION_CONNECTION */;
